Column1.image,Column1.saves,Column1.event_sales_status,Column1.timezone,Column1.id,Column1.tickets_url,Column1.urgency_signals,Column1.tickets_by,Column1.primary_organizer_id,Column1.dedup,Column1.num_children,Column1.debug_info,Column1.parent_url,Column1.hide_end_date,Column1.start_date,Column1.end_time,Column1._type,Column1.public_collections.creator_collections.object_count,Column1.public_collections.creator_collections.collections,Column1.ticket_availability.maximum_ticket_price,Column1.ticket_availability.minimum_ticket_price,Column1.ticket_availability.is_free,Column1.ticket_availability.has_bogo_tickets,Column1.ticket_availability.has_available_tickets,Column1.ticket_availability.is_sold_out,Column1.end_date,Column1.tags,Column1.eventbrite_event_id,Column1.start_time,Column1.primary_venue._type,Column1.primary_venue.name,Column1.primary_venue.venue_profile_id,Column1.primary_venue.address.city,Column1.primary_venue.address.country,Column1.primary_venue.address.region,Column1.primary_venue.address.longitude,Column1.primary_venue.address.localized_address_display,Column1.primary_venue.address.postal_code,Column1.primary_venue.address.address_1,Column1.primary_venue.address.address_2,Column1.primary_venue.address.latitude,Column1.primary_venue.address.localized_multi_line_address_display,Column1.primary_venue.address.localized_area_display,Column1.primary_venue.venue_profile_url,Column1.primary_venue.id,Column1.primary_organizer._type,Column1.primary_organizer.num_upcoming_events,Column1.primary_organizer.name,Column1.primary_organizer.profile_type,Column1.primary_organizer.num_followers,Column1.primary_organizer.url,Column1.primary_organizer.twitter,Column1.primary_organizer.summary,Column1.primary_organizer.num_saves,Column1.primary_organizer.image_id,Column1.primary_organizer.followed_by_you,Column1.primary_organizer.facebook,Column1.primary_organizer.num_collections,Column1.primary_organizer.id,Column1.primary_organizer.website_url,Column1.primary_organizer.num_following,Column1.full_description,Column1.image_id,Column1.is_protected_event,Column1.is_cancelled,Column1.primary_venue_id,Column1.checkout_flow,Column1.series_id,Column1.name,Column1.language,Column1.url,Column1.hide_start_date,Column1.summary,Column1.is_online_event,Column1.eid,Column1.published
[Record],[Record],[Record],America/New_York,146584912419,https://www.eventbrite.com/checkout-external?eid=146584912419,[Record],Eventbrite,12448110053,[Record],1,[Record],,FALSE,2025-04-25,15:00,destination_event,0,[List],[Record],[Record],TRUE,FALSE,TRUE,FALSE,2025-04-25,[List],146584912419,12:00,destination_venue,Moved to Virtual Event,,New York,US,NY,-74.0059728,"Online, New York, NY 10119",10119,Online,,40.7127753,[List],"New York, NY",,57975663,destination_profile,,Tech Career Fair,organizer,60132,https://www.eventbrite.com/o/tech-career-fair-12448110053,,Event and partnership organizer collaboration with FSMresearch,,,FALSE,,,12448110053,,,,682565139,FALSE,,57975663,widget,,New York Tech Career Fair: Exclusive Tech Hiring Event,en-us,https://www.eventbrite.com/e/new-york-tech-career-fair-exclusive-tech-hiring-event-tickets-146584912419,FALSE,Tech Career Fair focus on helping companies achieve their diversity and inclusivity initiative with more diverse non-traditional candidates,FALSE,146584912419,2022-07-21T23:38:28Z
[Record],[Record],[Record],America/New_York,990345067757,https://www.eventbrite.com/checkout-external?eid=990345067757,[Record],Eventbrite,15742648512,[Record],1,[Record],,FALSE,2025-05-21,17:00,destination_event,0,[List],[Record],[Record],FALSE,FALSE,TRUE,FALSE,2025-05-21,[List],990345067757,09:00,destination_venue,Metropolitan Pavilion,,New York City,US,NY,-73.9959828,"125 W 18th St, New York City, NY 10011",10011,125 W 18th St,,40.7406703,[List],"New York City, NY",,227414879,destination_profile,,Product School,organizer,27269,https://www.eventbrite.com/o/product-school-15742648512,productschool,Product Schoolis the global leader in Product Management training with a community of over two million product professionals.All of our instructors are Product Leaders working at top Silicon Valley co...,,488889289,FALSE,productschool,,15742648512,https://productschool.com/,,,1005608213,FALSE,,227414879,widget,,#ProductCon New York: The Conference for Product Leaders,en-us,https://www.eventbrite.com/e/productcon-new-york-the-conference-for-product-leaders-tickets-990345067757,FALSE,ProductCon is the largest product conference series in the world.,FALSE,990345067757,2024-08-13T10:19:50Z
[Record],[Record],[Record],America/New_York,1109383769719,https://www.eventbrite.com/checkout-external?eid=1109383769719,[Record],Eventbrite,13411505946,[Record],1,[Record],,FALSE,2025-05-15,23:30,destination_event,0,[List],,,FALSE,FALSE,FALSE,FALSE,2025-05-15,[List],1109383769719,20:00,destination_venue,Cipriani Wall Street | Event Venue,,New York,US,NY,-74.0093198,"55 Wall Street, New York, NY 10005",10005,55 Wall Street,,40.70607990000001,[List],"New York, NY",,245785843,destination_profile,,Senior Programming,organizer,1328,https://www.eventbrite.com/o/senior-programming-13411505946,,"To stay up to date with Senior Week, follow the Senior Week Facebook page athttp://www.facebook.com/cuseniorweek.For questions or concerns, please contact the Senior Week Committee atseniorweek@columb...",,,FALSE,cuseniorweek,,13411505946,,,,986831753,FALSE,,245785843,widget,,Senior Gala 2025,en-us,https://www.eventbrite.com/e/senior-gala-2025-tickets-1109383769719,FALSE,Senior Gala 2025,FALSE,1109383769719,2025-03-25T14:16:18Z
[Record],[Record],[Record],America/New_York,1079992138559,https://www.eventbrite.com/checkout-external?eid=1079992138559,[Record],Eventbrite,43262199283,[Record],1,[Record],,FALSE,2025-06-21,21:00,destination_event,0,[List],[Record],[Record],FALSE,FALSE,TRUE,FALSE,2025-06-21,[List],1079992138559,15:00,destination_venue,145 Brooklyn Ave,,Brooklyn,US,NY,-73.9439728,"145 Brooklyn Avenue, Brooklyn, NY 11213",11213,145 Brooklyn Avenue,,40.6744006,[List],"Brooklyn, NY",,253381373,destination_profile,,Rosé N' Roses Events,organizer,1698,https://www.eventbrite.com/o/rose-n-roses-events-43262199283,,,,,FALSE,,,43262199283,,,,896889723,FALSE,,253381373,widget,,Rosé N' Roses Brooklyn,en-us,https://www.eventbrite.com/e/rose-n-roses-brooklyn-tickets-1079992138559,FALSE,"Brooklyn, get ready! Celebrate our 5th Anniversary with an Upscale Premium Rosé All Day Experience!",FALSE,1079992138559,2024-11-12T00:33:48Z
[Record],[Record],[Record],America/New_York,1296094155509,https://www.eventbrite.com/checkout-external?eid=1296094155509,[Record],Eventbrite,18552657844,[Record],1,[Record],,FALSE,2025-04-15,14:00,destination_event,0,[List],[Record],[Record],TRUE,FALSE,FALSE,FALSE,2025-04-15,[List],1296094155509,10:00,destination_venue,The David N. Dinkins Manhattan Municipal Building,,New York,US,NY,-74.0036107,"1 Centre Street, New York, NY 10007",10007,1 Centre Street,,40.7131386,[List],"New York, NY",,261961533,destination_profile,,DCAS - Office of Citywide Recruitment,organizer,810,https://www.eventbrite.com/o/dcas-office-of-citywide-recruitment-18552657844,NYCDCAS,The DCAS Office of Citywide Recruitment (OCR) builds partnerships with educational institutions and community-based organizations and participates in various recruitment events across all five borough...,,,FALSE,NYCDCAS,,18552657844,https://www.nyc.gov/site/dcas/index.page,,,989715243,FALSE,,261961533,widget,,NYC DCAS Summer Internship Hiring Expo,en-us,https://www.eventbrite.com/e/nyc-dcas-summer-internship-hiring-expo-tickets-1296094155509,FALSE,Come join us at the NYC DCAS Summer Internship Hiring Expo to land your dream internship!,FALSE,1296094155509,2025-03-21T19:20:52Z
[Record],[Record],[Record],America/New_York,1261603643459,https://www.eventbrite.com/checkout-external?eid=1261603643459,[Record],Eventbrite,16614815240,[Record],1,[Record],,FALSE,2025-06-21,22:00,destination_event,0,[List],[Record],[Record],FALSE,FALSE,TRUE,FALSE,2025-06-21,[List],1261603643459,17:00,destination_venue,Prospect Park Peninsula,,Brooklyn,US,NY,-73.9684375,"1 Wellhouse Drive, Brooklyn, NY 11215",11215,1 Wellhouse Drive,,40.6568125,[List],"Brooklyn, NY",,257905593,destination_profile,,Prospect Park Alliance,organizer,1999,https://www.eventbrite.com/o/prospect-park-alliance-16614815240,prospect_park,"Founded in 1987, Prospect Park Alliance is the non-profit organization that sustains, restores and advances Prospect Park, ""Brooklyn's Backyard,"" in partnership with the City. The Alliance provides cr...",,40124945,FALSE,prospectparkbrooklyn,,16614815240,,,,461964419,FALSE,,257905593,widget,,2025 Prospect Park Soiree,en-us,https://www.eventbrite.com/e/2025-prospect-park-soiree-tickets-1261603643459,FALSE,Get ready for Brooklyn’s most magical gathering—Prospect Park Soiree!,FALSE,1261603643459,2025-03-18T14:22:54Z
[Record],[Record],[Record],America/New_York,1124516542249,https://www.eventbrite.com/checkout-external?eid=1124516542249,[Record],Eventbrite,11112415183,[Record],1,[Record],,FALSE,2025-04-29,12:30,destination_event,0,[List],[Record],[Record],TRUE,FALSE,TRUE,FALSE,2025-04-29,[List],1124516542249,09:30,destination_venue,Marriott,,New York,US,NY,-73.98201879999999,"Street, New York, NY 10006",10006,Street,,40.7623861,[List],"New York, NY",,247625403,destination_profile,,Nationwide Career Fairs,organizer,24784,https://www.eventbrite.com/o/nationwide-career-fairs-11112415183,,"Nationwide Career Fairs has been successfully connecting job seekers and hiring employers for over 10 years. Our events specialize in targeting job seekers who are looking for positions in sales, reta...",,30108334,FALSE,nationwidecareerfairs,,11112415183,http://nationwidecareerfairs.com,,,923344273,FALSE,,247625403,widget,,New York City Career Fair,en-us,https://www.eventbrite.com/e/new-york-city-career-fair-tickets-1124516542249,FALSE,Meet with Local Hiring Employers,FALSE,1124516542249,2024-12-26T14:21:48Z
[Record],[Record],[Record],America/New_York,767135281277,https://www.eventbrite.com/checkout-external?eid=767135281277,[Record],Eventbrite,6499469023,[Record],1,[Record],,FALSE,2025-10-28,12:30,destination_event,0,[List],[Record],[Record],TRUE,FALSE,TRUE,FALSE,2025-10-28,[List],767135281277,09:30,destination_venue,New York Marriott Downtown,,New York,US,NY,-74.01448620000001,"Albany Street, New York, NY 10006",10006,Albany Street,,40.7095206,[List],"New York, NY",,231109819,destination_profile,,TRN. Attend a Professional Hiring Event!,organizer,7384,https://www.eventbrite.com/o/trn-attend-a-professional-hiring-event-6499469023,recruitingnet1,"EMPLOYERS ARE HIRING AT OUR PROFESSIONAL HIRING EVENTS!Join us for a great day of recruiting!  Dress to impress, connect live with the HR Teams from local and Fortune 500 companies to apply to full ti...",,636090269,FALSE,therecruitingnetwork.net,,6499469023,http://therecruitingnetwork.net/events/,,,648432849,FALSE,,231109819,widget,,New York City Hiring Event,en-us,https://www.eventbrite.com/e/new-york-city-hiring-event-tickets-767135281277,FALSE,Meet live with New York City Employers,FALSE,767135281277,2023-11-26T23:54:28Z
[Record],[Record],[Record],America/New_York,1225649824619,https://www.eventbrite.com/checkout-external?eid=1225649824619,[Record],Eventbrite,4550013695,[Record],1,[Record],,FALSE,2025-07-19,22:00,destination_event,0,[List],[Record],[Record],FALSE,FALSE,TRUE,FALSE,2025-07-19,[List],1225649824619,15:00,destination_venue,Brooklyn,,Brooklyn,US,NY,-73.9441579,"518 Gardner ave, Brooklyn, NY 11222",11222,518 Gardner ave,,40.6781784,[List],"Brooklyn, NY",,252806583,destination_profile,,City Elite Group,organizer,28158,https://www.eventbrite.com/o/city-elite-group-4550013695,@nyccompton,City Elite Group Is a Preimer Night Life Planning Company Based In New York City that executes Events for People to remember.,,4803715,FALSE,cityelitegroup,,4550013695,http://www.cityelitegroup.com,,,947190223,FALSE,,252806583,widget,,TEQUILA FEST NEW YORK CITY 2025,en-us,https://www.eventbrite.com/e/tequila-fest-new-york-city-2025-tickets-1225649824619,FALSE,Grab your tickets for the biggest event of the summer ! No tickets will be sold at the door!!,FALSE,1225649824619,2025-01-29T01:10:44Z
[Record],[Record],[Record],America/New_York,1108872149449,https://www.eventbrite.com/checkout-external?eid=1108872149449,[Record],Eventbrite,104333359721,[Record],1,[Record],,FALSE,2025-04-24,16:00,destination_event,0,[List],[Record],[Record],TRUE,FALSE,TRUE,FALSE,2025-04-24,[List],1108872149449,11:00,destination_venue,C & K Art Gallery,,Brooklyn,US,NY,-73.981158,"514 Atlantic Avenue, Brooklyn, NY 11217",11217,514 Atlantic Avenue,,40.68526060000001,[List],"Brooklyn, NY",,260546043,destination_profile,,NYC JOB FAIRS,organizer,429,https://www.eventbrite.com/o/nyc-job-fairs-104333359721,,NYC Job Fairs provides events for job seekers to find job opportunities and new career pathways.Find us athttps://www.nycjobfairs.comand email us at nycjobfairs1@gmail.com.Find us at @nycjobfairs on I...,,920654373,FALSE,,,104333359721,https://www.nycjobfairs.com,,,982930333,FALSE,,260546043,widget,,BROOKLYN JOB FAIR,en-us,https://www.eventbrite.com/e/brooklyn-job-fair-tickets-1108872149449,FALSE,NYC Job Fairs provides events for job seekers to find job opportunities and new career pathways with 25-30 employers.,FALSE,1108872149449,2025-02-10T19:43:41Z
[Record],[Record],[Record],America/New_York,780066559077,https://www.eventbrite.com/checkout-external?eid=780066559077,[Record],Eventbrite,6499469023,[Record],1,[Record],,FALSE,2025-04-29,12:30,destination_event,0,[List],[Record],[Record],TRUE,FALSE,TRUE,FALSE,2025-04-29,[List],780066559077,09:30,destination_venue,Hilton,,New York,US,NY,-74.0150331,"Street, New York, NY 10006",10006,Street,,40.7098318,[List],"New York, NY",,262094153,destination_profile,,TRN. Attend a Professional Hiring Event!,organizer,7384,https://www.eventbrite.com/o/trn-attend-a-professional-hiring-event-6499469023,recruitingnet1,"EMPLOYERS ARE HIRING AT OUR PROFESSIONAL HIRING EVENTS!Join us for a great day of recruiting!  Dress to impress, connect live with the HR Teams from local and Fortune 500 companies to apply to full ti...",,636090269,FALSE,therecruitingnetwork.net,,6499469023,http://therecruitingnetwork.net/events/,,,660769479,FALSE,,262094153,widget,,New York City Hiring Event,en-us,https://www.eventbrite.com/e/new-york-city-hiring-event-tickets-780066559077,FALSE,Meet with New York City Employers,FALSE,780066559077,2023-12-19T13:24:26Z
[Record],[Record],[Record],America/New_York,1291246586299,https://www.eventbrite.com/checkout-external?eid=1291246586299,[Record],Eventbrite,3656252859,[Record],1,[Record],,FALSE,2025-04-19,22:00,destination_event,0,[List],[Record],[Record],FALSE,FALSE,TRUE,FALSE,2025-04-19,[List],1291246586299,17:00,destination_venue,The DL,,New York,US,NY,-73.9893343,"95 Delancey Street, New York, NY 10002",10002,95 Delancey Street,,40.718552,[List],"New York, NY",,261302493,destination_profile,,Three Day Weekend,organizer,6088,https://www.eventbrite.com/o/three-day-weekend-3656252859,,"We are an event production and marketing agency with a fifteen year history of non-stop success in New York City.Baile De Favela, Jardín De Reggaeton and Colombia Carnaval are just some of the largest...",,428179179,FALSE,,,3656252859,http://threedayweekendnyc.com,,,986596653,FALSE,,261302493,widget,,Baile De Favela Rooftop Party,en-us,https://www.eventbrite.com/e/baile-de-favela-rooftop-party-tickets-1291246586299,FALSE,We are taking over a garden rooftop in downtown Manhattan for an epic brazilian Baile Funk sunset party!,FALSE,1291246586299,2025-03-18T16:05:53Z
[Record],[Record],[Record],America/New_York,1267830979589,https://www.eventbrite.com/checkout-external?eid=1267830979589,[Record],Eventbrite,17981315247,[Record],1,[Record],,FALSE,2025-04-25,20:00,destination_event,1,[List],[Record],[Record],TRUE,FALSE,FALSE,TRUE,2025-04-25,[List],1267830979589,18:00,destination_venue,Simons Foundation,,New York,US,NY,-73.9911409,"Gerald D. Fischbach Auditorium 160 5th Avenue, New York, NY 10010",10010,Gerald D. Fischbach Auditorium,160 5th Avenue,40.7402945,[List],"New York, NY",,258704623,destination_profile,,Simons Foundation,organizer,1873,https://www.eventbrite.com/o/simons-foundation-17981315247,SimonsFdn,The Simons Foundation’s mission is to advance the frontiers of research in mathematics and the basic sciences.,,614106539,FALSE,simonsfoundation,,17981315247,https://www.simonsfoundation.org,,,974139023,FALSE,,258704623,widget,,Quantum Leaps and Creative Bounds,en-us,https://www.eventbrite.com/e/quantum-leaps-and-creative-bounds-registration-1267830979589,FALSE,Registration will close at 2 p.m. on the day of the event. Review the complete list of registration and entrance requirements below.,FALSE,1267830979589,2025-03-03T21:40:49Z
[Record],[Record],[Record],America/New_York,1297285900049,https://www.eventbrite.com/checkout-external?eid=1297285900049,[Record],Eventbrite,72981286783,[Record],1,[Record],,FALSE,2025-04-20,20:00,destination_event,0,[List],[Record],[Record],TRUE,FALSE,TRUE,FALSE,2025-04-20,[List],1297285900049,16:00,destination_venue,The Yard: Lower East Side Coworking Office Space NYC,,New York,US,NY,-73.9896868,"85 Delancey Street, New York, NY 10002",10002,85 Delancey Street,,40.718728,[List],"New York, NY",,261944883,destination_profile,,CONBUD,organizer,249,https://www.eventbrite.com/o/conbud-72981286783,,"We are the world's first and only dispensary run and operated by formerly incarcerated individuals.You get premium bud, we get second chances.",,615867599,FALSE,Conbud,,72981286783,https://www.conbud.com/,,,1007625643,FALSE,,261944883,widget,,CONBUD 420 Rooftop Party in the LES,en-us,https://www.eventbrite.com/e/conbud-420-rooftop-party-in-the-les-tickets-1297285900049,FALSE,Come join us for a lit rooftop party in the LES to celebrate all things on 4/20 - it's gonna be a hazy!,FALSE,1297285900049,2025-03-24T15:51:13Z
[Record],[Record],[Record],America/New_York,1221066184829,https://www.eventbrite.com/checkout-external?eid=1221066184829,[Record],Eventbrite,105655500371,[Record],1,[Record],,FALSE,2025-05-16,22:30,destination_event,0,[List],[Record],[Record],FALSE,FALSE,TRUE,FALSE,2025-05-16,[List],1221066184829,19:00,destination_venue,Elsewhere - The Hall,,Brooklyn,US,NY,-73.923169,"599 Johnson Avenue, Brooklyn, NY 11237",11237,599 Johnson Avenue,,40.709411,[List],"Brooklyn, NY",,252132583,destination_profile,,Elsewhere,organizer,1071,https://www.eventbrite.com/o/elsewhere-105655500371,elsewherespace,"Elsewhere is a multi-room music venue, nightclub, and arts space in Bushwick, Brooklyn. Our focus is underground and unbound music, presented with love.",,941144193,FALSE,,,105655500371,https://www.elsewhere.club/,,,952463123,FALSE,,252132583,widget,,"YHWH Nailgun, LEYA, DJ E (Chuquimamani-Condori)",en-us,https://www.eventbrite.com/e/yhwh-nailgun-leya-dj-e-chuquimamani-condori-tickets-1221066184829,FALSE,Join us for YHWH Nailgun in The Hall @ Elsewhere in Brooklyn!,FALSE,1221066184829,2025-02-05T17:00:11Z
[Record],[Record],[Record],America/New_York,1230720521209,https://www.eventbrite.com/checkout-external?eid=1230720521209,[Record],Eventbrite,105655500371,[Record],1,[Record],,FALSE,2025-04-19,04:00,destination_event,2,[List],[Record],[Record],FALSE,FALSE,TRUE,FALSE,2025-04-20,[List],1230720521209,22:30,destination_venue,Elsewhere,,Brooklyn,US,NY,-73.923169,"599 Johnson Avenue, Brooklyn, NY 11237",11237,599 Johnson Avenue,,40.709411,[List],"Brooklyn, NY",,253355833,destination_profile,,Elsewhere,organizer,1071,https://www.eventbrite.com/o/elsewhere-105655500371,elsewherespace,"Elsewhere is a multi-room music venue, nightclub, and arts space in Bushwick, Brooklyn. Our focus is underground and unbound music, presented with love.",,941144193,FALSE,,,105655500371,https://www.elsewhere.club/,,,992183333,FALSE,,253355833,widget,,"Tobiahs, Anton Khabbaz, Jawani 4eva: Jungli, Rajuju, Jag, Avenue F",en-us,https://www.eventbrite.com/e/tobiahs-anton-khabbaz-jawani-4eva-jungli-rajuju-jag-avenue-f-tickets-1230720521209,FALSE,Join us for Tobiahs + more @ Elsewhere in Brooklyn!,FALSE,1230720521209,2025-02-10T18:00:20Z
[Record],[Record],[Record],America/New_York,1130722504449,https://www.eventbrite.com/checkout-external?eid=1130722504449,[Record],Eventbrite,50465109163,[Record],1,[Record],,FALSE,2025-09-11,16:00,destination_event,1,[List],[Record],[Record],TRUE,FALSE,FALSE,TRUE,2025-09-11,[List],1130722504449,15:00,destination_venue,G Gallery,,New york,US,NY,-74.0021316,"404 Broadway, New york, NY 10013",10013,404 Broadway,,40.7187657,[List],"New york, NY",,248284713,destination_profile,,Revive Fashion Week,organizer,2386,https://www.eventbrite.com/o/revive-fashion-week-50465109163,,,,415063159,FALSE,,,50465109163,https://revivefashionweek.com,,,920549683,FALSE,,248284713,widget,,New York Fashion Week Model Casting,en-us,https://www.eventbrite.com/e/new-york-fashion-week-model-casting-tickets-1130722504449,FALSE,Want to walk during New York Fashion Week? This is your chance to walk for some of the indie fashion industry's top trending designers.,FALSE,1130722504449,2025-01-02T14:31:19Z
[Record],[Record],[Record],America/New_York,1041418650217,https://www.eventbrite.com/checkout-external?eid=1041418650217,[Record],Eventbrite,4550013695,[Record],1,[Record],,FALSE,2025-04-19,04:00,destination_event,0,[List],[Record],[Record],FALSE,FALSE,TRUE,FALSE,2025-04-20,[List],1041418650217,22:00,destination_venue,Skybar Rooftop and Lounge,,Queens,US,NY,-73.9449466,"45-06 pearson st, Queens, NY 11101",11101,45-06 pearson st,,40.7458385,[List],"Queens, NY",,264910683,destination_profile,,City Elite Group,organizer,28158,https://www.eventbrite.com/o/city-elite-group-4550013695,@nyccompton,City Elite Group Is a Preimer Night Life Planning Company Based In New York City that executes Events for People to remember.,,4803715,FALSE,cityelitegroup,,4550013695,http://www.cityelitegroup.com,,,1004378263,FALSE,,264910683,widget,,Everyone Free Sky high Saturdays At Sky Bar Roof Top,en-us,https://www.eventbrite.com/e/everyone-free-sky-high-saturdays-at-sky-bar-roof-top-tickets-1041418650217,FALSE,Party with the best view of manhattan sky line,FALSE,1041418650217,2024-10-07T20:13:46Z
[Record],[Record],[Record],America/New_York,1044634890077,https://www.eventbrite.com/checkout-external?eid=1044634890077,[Record],Eventbrite,8494665312,[Record],1,[Record],,FALSE,2025-04-26,13:00,destination_event,0,[List],[Record],[Record],FALSE,FALSE,TRUE,FALSE,2025-04-26,[List],1044634890077,10:30,destination_venue,Socceroof,,Brooklyn,US,NY,-74.0235644,"14b 53rd Street #3rd floor, Brooklyn, NY 11232",11232,14b 53rd Street,#3rd floor,40.6502272,[List],"Brooklyn, NY",,236926549,destination_profile,,Macw3rk,organizer,6062,https://www.eventbrite.com/o/macw3rk-8494665312,,@macw3rk,,925145883,FALSE,,,8494665312,,,,903500273,FALSE,,236926549,widget,,"Brooklyn Whine and W3rk (Caribbean Dance Superbowl) ""Rude Bai Edition""",en-us,https://www.eventbrite.com/e/brooklyn-whine-and-w3rk-caribbean-dance-superbowl-rude-bai-edition-tickets-1044634890077,FALSE,THE WORLDS MOST ELECTRIFYING CARIBBEAN DANCE FITNESS CLASS KNOWN AS 'WHINE & W3RK' IS COMING TO YOUR CITY,FALSE,1044634890077,2024-12-27T14:00:08Z
[Record],[Record],[Record],America/New_York,1270060488109,https://www.eventbrite.com/checkout-external?eid=1270060488109,[Record],Eventbrite,20002618011,[Record],1,[Record],,TRUE,2025-04-29,22:30,destination_event,0,[List],[Record],[Record],FALSE,FALSE,TRUE,FALSE,2025-04-29,[List],1270060488109,19:30,destination_venue,Pioneer Works,,Brooklyn,US,NY,-74.012154,"159 Pioneer Street, Brooklyn, NY 11231",11231,159 Pioneer Street,,40.6792483,[List],"Brooklyn, NY",,31489660,destination_profile,,Pioneer Works,organizer,6066,https://www.eventbrite.com/o/pioneer-works-20002618011,PioneerWorks_,,,60616031,FALSE,PioneerWorksFoundation/,,20002618011,https://pioneerworks.org/,,,991361433,FALSE,,31489660,widget,,Why We Die: Venki Ramakrishnan and Janna Levin in Conversation,en-us,https://www.eventbrite.com/e/why-we-die-venki-ramakrishnan-and-janna-levin-in-conversation-tickets-1270060488109,FALSE,Explore life and death with Nobel laureate Venki Ramakrishnan in conversation with Janna Levin.,FALSE,1270060488109,2025-03-08T04:30:07Z
[Record],[Record],[Record],America/New_York,1254923262259,https://www.eventbrite.com/checkout-external?eid=1254923262259,[Record],Eventbrite,13064382976,[Record],1,[Record],,FALSE,2025-05-14,21:00,destination_event,0,[List],[Record],[Record],FALSE,FALSE,FALSE,TRUE,2025-05-14,[List],1254923262259,19:30,destination_venue,"St. Joseph’s University, New York - Brooklyn",,Brooklyn,US,NY,-73.9676972,"245 Clinton Avenue, Brooklyn, NY 11205",11205,245 Clinton Avenue,,40.6905601,[List],"Brooklyn, NY",,256618703,destination_profile,,Greenlight Bookstore,organizer,3844,https://www.eventbrite.com/o/greenlight-bookstore-13064382976,greenlightbklyn,"Founded in October 2009, Greenlight Bookstore is a general independent bookstore in Fort Greene, Brooklyn, which hosts literary events in-store and with partner venues. The mission of Greenlight Books...",,596130449,FALSE,greenlightbklyn,,13064382976,https://www.greenlightbookstore.com/,,,968323153,FALSE,,256618703,widget,,Book Event: Ocean Vuong with Alexander Chee (at SJNY),en-us,https://www.eventbrite.com/e/book-event-ocean-vuong-with-alexander-chee-at-sjny-tickets-1254923262259,FALSE,"Beloved poet and novelist Ocean Vuong presents his new novel The Emperor of Gladness, in conversation with Alexander Chee .",FALSE,1254923262259,2025-02-19T20:42:36Z
[Record],[Record],[Record],America/New_York,1309001511759,https://www.eventbrite.com/checkout-external?eid=1309001511759,[Record],Eventbrite,25022324702,[Record],1,[Record],,FALSE,2025-05-03,17:00,destination_event,0,[List],[Record],[Record],TRUE,FALSE,TRUE,FALSE,2025-05-03,[List],1309001511759,12:00,destination_venue,Gansevoort Plaza,,New York,US,NY,-74.0062372,"38 Gansevoort Street, New York, NY 10014",10014,38 Gansevoort Street,,40.739533,[List],"New York, NY",,263712653,destination_profile,,Leica Camera,organizer,7740,https://www.eventbrite.com/o/leica-camera-25022324702,LeicaCameraUSA,"Leica represents a union of craftsmanship, design and experience. It is a beautiful collision of art and engineering, and the future of form and functionality. Leica Camera, headquartered in Wetzlar, ...",,98316286,FALSE,LeicaCameraUSA/,,25022324702,http://us.leica-camera.com,,,1007106363,FALSE,,263712653,widget,,100 Years of Leica: Witness to a Century - New York,en-us,https://www.eventbrite.com/e/100-years-of-leica-witness-to-a-century-new-york-tickets-1309001511759,FALSE,"Join us in Gansevoort Plaza,12–5 PM for a celebration honoring a century of innovation in photography. Presented by Meatpacking District.",FALSE,1309001511759,2025-04-04T21:44:19Z
[Record],[Record],[Record],America/New_York,1316801842759,https://www.eventbrite.com/checkout-external?eid=1316801842759,[Record],Eventbrite,4550013695,[Record],1,[Record],,FALSE,2025-04-13,23:59,destination_event,0,[List],[Record],[Record],FALSE,FALSE,TRUE,FALSE,2025-04-13,[List],1316801842759,16:00,destination_venue,HK Hall,,New York,US,NY,-73.996,"605 West 48th Street, New York, NY 10036",10036,605 West 48th Street,,40.765,[List],"New York, NY",,264677493,destination_profile,,City Elite Group,organizer,28158,https://www.eventbrite.com/o/city-elite-group-4550013695,@nyccompton,City Elite Group Is a Preimer Night Life Planning Company Based In New York City that executes Events for People to remember.,,4803715,FALSE,cityelitegroup,,4550013695,http://www.cityelitegroup.com,,,1003184863,FALSE,,264677493,widget,,Bobby Shmurda & Lougotcash Single Release Party At Big Apple Brunch,en-us,https://www.eventbrite.com/e/bobby-shmurda-lougotcash-single-release-party-at-big-apple-brunch-tickets-1316801842759,FALSE,Get ready for Super Star Status single Release Party,FALSE,1316801842759,2025-04-07T20:44:17Z
[Record],[Record],[Record],America/New_York,1269728625499,https://www.eventbrite.com/checkout-external?eid=1269728625499,[Record],Eventbrite,4734218163,[Record],1,[Record],,TRUE,2025-04-20,21:00,destination_event,0,[List],[Record],[Record],TRUE,FALSE,TRUE,FALSE,2025-04-20,[List],1269728625499,10:00,destination_venue,Middle Collegiate Church,,New York,US,NY,-73.987911,"112 Second Avenue, New York, NY 10003",10003,112 Second Avenue,,40.7276359,[List],"New York, NY",,8898821,destination_profile,,Middle Church,organizer,958,https://www.eventbrite.com/o/middle-church-4734218163,,"Middle Collegiate Church is a celebrating, culturally diverse, inclusive and growing community of faith where all people are welcomed just as they are as they come through the door. As a teaching cong...",,149370029,FALSE,MiddleCollegiateChurch,,4734218163,http://www.middlechurch.org/,,,975300043,FALSE,,8898821,widget,,Come Back Home to Love – Easter at Middle Church,en-us,https://www.eventbrite.com/e/come-back-home-to-love-easter-at-middle-church-tickets-1269728625499,TRUE,Come join us for a heartwarming Easter celebration at Middle Church - let's come back home to love together!,FALSE,1269728625499,2025-03-04T21:46:58Z
[Record],[Record],[Record],America/New_York,1225419114559,https://www.eventbrite.com/checkout-external?eid=1225419114559,[Record],Eventbrite,106501007781,[Record],1,[Record],,FALSE,2025-04-29,17:00,destination_event,0,[List],[Record],[Record],TRUE,FALSE,TRUE,FALSE,2025-04-29,[List],1225419114559,09:15,destination_venue,550 1st Ave.,,New York,US,NY,-73.9739642,"550 1st Avenue, New York, NY 10016",10016,550 1st Avenue,,40.7421225,[List],"New York, NY",,256835873,destination_profile,,NYU Grossman School of Medicine and NYU Langone Health,organizer,28,https://www.eventbrite.com/o/nyu-grossman-school-of-medicine-and-nyu-langone-health-106501007781,,,,,FALSE,,,106501007781,,,,948749733,FALSE,,256835873,widget,,Catalyzing Innovation in Learning Health Systems through Research,en-us,https://www.eventbrite.com/e/catalyzing-innovation-in-learning-health-systems-through-research-tickets-1225419114559,FALSE,Join us at NYU Langone Health for a day of exploring how research can drive innovation in learning health systems,FALSE,1225419114559,2025-01-30T20:38:50Z
[Record],[Record],[Record],America/New_York,1112951791769,https://www.eventbrite.com/checkout-external?eid=1112951791769,[Record],Eventbrite,19885582457,[Record],1,[Record],,FALSE,2025-04-15,18:30,destination_event,0,[List],[Record],[Record],TRUE,FALSE,FALSE,TRUE,2025-04-15,[List],1112951791769,14:30,destination_venue,Kimmel Center for University Life,,New York,US,NY,-73.9978275,"60 Washington Square South, New York, NY 10012",10012,60 Washington Square South,,40.72993659999999,[List],"New York, NY",,246279443,destination_profile,,NYU SPS Human Capital Management,organizer,385,https://www.eventbrite.com/o/nyu-sps-human-capital-management-19885582457,,,,,FALSE,,,19885582457,,,,994232133,FALSE,,246279443,widget,,Cracking the Connection Code,en-us,https://www.eventbrite.com/e/cracking-the-connection-code-tickets-1112951791769,FALSE,Transforming Human Potential to Drive Business Success,FALSE,1112951791769,2024-12-12T19:13:41Z
[Record],[Record],[Record],America/New_York,1221480443889,https://www.eventbrite.com/checkout-external?eid=1221480443889,[Record],Eventbrite,105655500371,[Record],1,[Record],,FALSE,2025-04-27,22:00,destination_event,2,[List],[Record],[Record],FALSE,FALSE,FALSE,FALSE,2025-04-27,[List],1221480443889,19:00,destination_venue,Elsewhere - The Hall,,Brooklyn,US,NY,-73.923169,"599 Johnson Avenue, Brooklyn, NY 11237",11237,599 Johnson Avenue,,40.709411,[List],"Brooklyn, NY",,252188793,destination_profile,,Elsewhere,organizer,1071,https://www.eventbrite.com/o/elsewhere-105655500371,elsewherespace,"Elsewhere is a multi-room music venue, nightclub, and arts space in Bushwick, Brooklyn. Our focus is underground and unbound music, presented with love.",,941144193,FALSE,,,105655500371,https://www.elsewhere.club/,,,944128033,FALSE,,252188793,widget,,"SOFT PLAY, Babe Haven",en-us,https://www.eventbrite.com/e/soft-play-babe-haven-tickets-1221480443889,FALSE,Join us for SOFT PLAY in The Hall @ Elsewhere in Brooklyn!,FALSE,1221480443889,2025-02-03T15:00:33Z
[Record],[Record],[Record],America/New_York,1077814424959,https://www.eventbrite.com/checkout-external?eid=1077814424959,[Record],Eventbrite,43013127903,[Record],1,[Record],,TRUE,2025-04-14,00:00,destination_event,0,[List],[Record],[Record],FALSE,FALSE,TRUE,FALSE,2025-04-15,[List],1077814424959,21:00,destination_venue,Barnes & Noble,,New York,US,NY,-73.9896278,"33 East 17th Street, New York, NY 10003",10003,33 East 17th Street,,40.7369416,[List],"New York, NY",,241763303,destination_profile,,Barnes & Noble - Union Square,organizer,14642,https://www.eventbrite.com/o/barnes-noble-union-square-43013127903,BNUnionSqNYC,"Barnes & Noble is the world’s largest retail bookseller, and a leading retailer of content, digital media and educational products.",,270202999,FALSE,BNUnionSqNYC,,43013127903,https://stores.barnesandnoble.com/store/2675,,,943018863,FALSE,,241763303,widget,,Midnight Release Celebration for WATCH ME with Tahereh Mafi at B&N USQ,en-us,https://www.eventbrite.com/e/midnight-release-celebration-for-watch-me-with-tahereh-mafi-at-bn-usq-tickets-1077814424959,FALSE,"Barnes & Noble Union Square in NYC welcomes Tahereh Mafi to celebrate WATCH ME at a Midnight Release Party on Monday, April 14th at 9PM.",FALSE,1077814424959,2024-11-24T22:34:40Z
[Record],[Record],[Record],America/New_York,833679797717,https://www.eventbrite.com/checkout-external?eid=833679797717,[Record],Eventbrite,25052159091,[Record],1,[Record],,FALSE,2025-04-29,12:30,destination_event,0,[List],[Record],[Record],TRUE,FALSE,TRUE,FALSE,2025-04-29,[List],833679797717,09:30,destination_venue,Marriott,,New York,US,NY,-73.98311509999999,"Street, New York, NY 10006",10006,Street,,40.76449969999999,[List],"New York, NY",,249797323,destination_profile,,Career Fair Connection,organizer,32975,https://www.eventbrite.com/o/career-fair-connection-25052159091,,Don't just look for a job. CONNECT with the right employers!  Attend a Career Fair Connection Hiring event and connect on the spot with hiring managers and recruiters from top local and fortune 500 co...,,65241518,FALSE,,,25052159091,https://careerfairconnection.com/event-confirmation/,,,694529099,FALSE,,249797323,widget,,New York City Career Fair,en-us,https://www.eventbrite.com/e/new-york-city-career-fair-tickets-833679797717,FALSE,Connect with New York City Employers,FALSE,833679797717,2024-02-10T22:29:11Z
[Record],[Record],[Record],America/New_York,1271182233279,https://www.eventbrite.com/checkout-external?eid=1271182233279,[Record],Eventbrite,6140247955,[Record],1,[Record],,FALSE,2025-04-25,20:00,destination_event,0,[List],[Record],[Record],FALSE,FALSE,TRUE,FALSE,2025-04-25,[List],1271182233279,19:00,destination_venue,The National Arts Club,,New York,US,NY,-73.98670299999998,"15 Gramercy Park South, New York, NY 10003",10003,15 Gramercy Park South,,40.737694,[List],"New York, NY",,259162343,destination_profile,,The National Arts Club,organizer,14676,https://www.eventbrite.com/o/the-national-arts-club-6140247955,,"Founded in 1898, the National Arts Club is a 501(c)(3) nonprofit with a mission to stimulate, foster, and promote public interest in the arts and to educate the American people in the fine arts. Annua...",,5955013,FALSE,thenationalartsclub,,6140247955,,,,976363523,FALSE,,259162343,widget,,"FashionSpeak Fridays: Sustainable Fashion, Unraveled",en-us,https://www.eventbrite.com/e/fashionspeak-fridays-sustainable-fashion-unraveled-registration-1271182233279,FALSE,Step into the future of fashion—where style meets sustainability—with an inspiring evening featuring three trailblazing voices.,FALSE,1271182233279,2025-03-05T21:31:41Z
[Record],[Record],[Record],America/New_York,1135122545089,https://www.eventbrite.com/checkout-external?eid=1135122545089,[Record],Eventbrite,72893748273,[Record],1,[Record],,FALSE,2025-05-26,21:00,destination_event,0,[List],[Record],[Record],FALSE,FALSE,TRUE,FALSE,2025-05-26,[List],1135122545089,14:00,destination_venue,1368 Fulton St,,Brooklyn,US,NY,-73.9460014,"1368 Fulton Street, Brooklyn, NY 11216",11216,1368 Fulton Street,,40.679949,[List],"Brooklyn, NY",,260911623,destination_profile,,NATALIE EVENTS,organizer,563,https://www.eventbrite.com/o/natalie-events-72893748273,,E﻿VENT PLANNER FORC﻿HIC AND SHHH,,745494709,FALSE,,,72893748273,,,,984722863,FALSE,,260911623,widget,,Shhh NYC,en-us,https://www.eventbrite.com/e/shhh-nyc-tickets-1135122545089,FALSE,THE ULTIMATE PREMIUM ALL INCLUSIVE.......,FALSE,1135122545089,2025-01-05T01:18:15Z
[Record],[Record],[Record],America/New_York,873466480757,https://www.eventbrite.com/checkout-external?eid=873466480757,[Record],Eventbrite,13411505946,[Record],1,[Record],,FALSE,2025-05-16,16:00,destination_event,0,[List],,,FALSE,FALSE,FALSE,FALSE,2025-05-16,[List],873466480757,13:00,destination_venue,230 Fifth,,New York,US,NY,-73.9880767,"230 5th Avenue, New York, NY 10001",10001,230 5th Avenue,,40.74400199999999,[List],"New York, NY",,205878659,destination_profile,,Senior Programming,organizer,1328,https://www.eventbrite.com/o/senior-programming-13411505946,,"To stay up to date with Senior Week, follow the Senior Week Facebook page athttp://www.facebook.com/cuseniorweek.For questions or concerns, please contact the Senior Week Committee atseniorweek@columb...",,,FALSE,cuseniorweek,,13411505946,,,,1001494933,FALSE,,205878659,widget,,Senior Brunch 2025!,en-us,https://www.eventbrite.com/e/senior-brunch-2025-tickets-873466480757,FALSE,Class of 2025 Senior Brunch!,FALSE,873466480757,2025-04-08T16:48:51Z
[Record],[Record],[Record],America/New_York,1290357196109,https://www.eventbrite.com/checkout-external?eid=1290357196109,[Record],Eventbrite,30058841244,[Record],1,[Record],,TRUE,2025-05-06,14:00,destination_event,0,[List],[Record],[Record],FALSE,FALSE,TRUE,FALSE,2025-05-06,[List],1290357196109,12:00,destination_venue,Strand Book Store,,New York,US,NY,-73.99095369999999,"828 Broadway 3rd Floor, Rare Book Room, New York, NY 10003",10003,828 Broadway,"3rd Floor, Rare Book Room",40.7333156,[List],"New York, NY",,90802259,destination_profile,,The Strand Book Store,organizer,7900,https://www.eventbrite.com/o/the-strand-book-store-30058841244,strandbookstore,"Strand Book Storewas born in 1927 on Fourth Avenue on what was then called “Book Row,” an area that covered six city blocks and housed forty-eight bookstores. Our founder Benjamin Bass was all of twen...",,410963409,FALSE,strandbookstore,,30058841244,https://www.strandbooks.com/events,,,988788453,FALSE,,90802259,widget,,Tinx: Hotter in the Hamptons,en-us,https://www.eventbrite.com/e/tinx-hotter-in-the-hamptons-tickets-1290357196109,FALSE,"Join us for a photo op event with content creator and bestselling author Tinx, for the launch of her new novel Hotter in the Hamptons.",FALSE,1290357196109,2025-03-17T20:30:33Z
[Record],[Record],[Record],America/New_York,1227018769169,https://www.eventbrite.com/checkout-external?eid=1227018769169,[Record],Eventbrite,18011338952,[Record],1,[Record],,FALSE,2025-05-30,17:40,destination_event,0,[List],[Record],[Record],FALSE,FALSE,TRUE,FALSE,2025-05-30,[List],1227018769169,08:15,destination_venue,Virtual or Onsite at Hospital for Special Surgery,,New York,US,NY,-73.95237639999999,"535 East 70th Street, New York, NY 10021",10021,535 East 70th Street,,40.7649072,[List],"New York, NY",,252991143,destination_profile,,HSS Office of Continuing Medical Education and HSS eAcademy®,organizer,2715,https://www.eventbrite.com/o/hss-office-of-continuing-medical-education-and-hss-eacademy-18011338952,HSSProfEd,"Earn CME and CEU credit and access didactic lectures, surgical videos, conversations with experts, and more. HSS eAcademy®has curated one of the largest portfolios of on-demand musculoskeletal content...",,53347313,FALSE,,,18011338952,,,,957999893,FALSE,,252991143,widget,,"Osseointegration for Amputees: Prosthetics, Rehabilitation, and Surgery",en-us,https://www.eventbrite.com/e/osseointegration-for-amputees-prosthetics-rehabilitation-and-surgery-registration-1227018769169,FALSE,"Education for Certified Orthotists and Prosthetists (CPOs) from HSS, the world’s #1 hospital in orthopaedics.",FALSE,1227018769169,2025-02-05T17:50:14Z
[Record],[Record],[Record],America/New_York,1317022322219,https://www.eventbrite.com/checkout-external?eid=1317022322219,[Record],Eventbrite,14950312716,[Record],1,[Record],,FALSE,2025-04-23,21:30,destination_event,1,[List],[Record],[Record],TRUE,FALSE,TRUE,FALSE,2025-04-23,[List],1317022322219,19:30,destination_venue,AMC Lincoln Square 13,,New York,US,NY,-73.9819053,"1998 Broadway, New York, NY 10023",10023,1998 Broadway,,40.7751676,[List],"New York, NY",,264730483,destination_profile,,"Campus Circle, Inc.",organizer,806,https://www.eventbrite.com/o/campus-circle-inc-14950312716,campuscircle,We are a boutique marketing company and media website based in Los Angeles.,,396739929,FALSE,Campus-Circle-286592094129,,14950312716,http://www.CampusCircle.com,,,1003291053,FALSE,,264730483,widget,,'On Swift Horses' Screening (NYC) - RSVP to a complimentary film screening,en-us,https://www.eventbrite.com/e/on-swift-horses-screening-nyc-rsvp-to-a-complimentary-film-screening-tickets-1317022322219,FALSE,"Join us for a FREE screening of 'On Swift Horses' starring Daisy Edgar-Jones, Jacob Elordi, Will Poulter, Diego Calva and Sasha Calle.",FALSE,1317022322219,2025-04-09T17:00:10Z
[Record],[Record],[Record],America/New_York,1245138846809,https://www.eventbrite.com/checkout-external?eid=1245138846809,[Record],Eventbrite,8061499227,[Record],1,[Record],,FALSE,2025-04-25,17:00,destination_event,2,[List],[Record],[Record],TRUE,FALSE,TRUE,FALSE,2025-04-25,[List],1245138846809,13:00,destination_venue,Steven Dweck Auditorium at the Brooklyn Public Library,,Brooklyn,US,NY,-73.9681265,"10 Grand Army Plaza, Brooklyn, NY 11238",11238,10 Grand Army Plaza,,40.6725011,[List],"Brooklyn, NY",,260366783,destination_profile,,Women Entrepreneurs NYC (WE NYC),organizer,7239,https://www.eventbrite.com/o/women-entrepreneurs-nyc-we-nyc-8061499227,NYC_SBS,"Women entrepreneurs are key economic actors in New York City — building businesses that support families, uplift communities, and generate jobs.W﻿E NYCis an initiative of theNYC Department of Small Bu...",,12831695,FALSE,nycbusiness,,8061499227,http://we.nyc,,,999099103,FALSE,,260366783,widget,,WE Master Leadership Conference: MarketHER – Maximize Your ROI &  Impact,en-us,https://www.eventbrite.com/e/we-master-leadership-conference-markether-maximize-your-roi-impact-tickets-1245138846809,FALSE,Join us at the WE Master Leadership  Conference: MarketHER – Maximize Your Brand ROI & Amplify Your Impact,FALSE,1245138846809,2025-02-10T18:08:33Z
[Record],[Record],[Record],America/New_York,1296398064509,https://www.eventbrite.com/checkout-external?eid=1296398064509,[Record],Eventbrite,44369305153,[Record],1,[Record],,FALSE,2025-04-22,09:00,destination_event,0,[List],,,FALSE,FALSE,FALSE,FALSE,2025-04-22,[List],1296398064509,06:00,destination_venue,"Arts On Site NYC, Inc.",,New York,US,NY,-73.9893159,"12 Saint Marks Place Studio 3F, New York, NY 10003",10003,12 Saint Marks Place,Studio 3F,40.728991,[List],"New York, NY",,93983929,destination_profile,,Gaia Music Collective,organizer,8883,https://www.eventbrite.com/o/gaia-music-collective-44369305153,,,,520163699,FALSE,,,44369305153,,,,989158103,FALSE,,93983929,widget,,"""Unwritten"" | One-Day Choir (Secret Sunrise Skyscraper Edition!)",en-us,https://www.eventbrite.com/e/unwritten-one-day-choir-secret-sunrise-skyscraper-edition-tickets-1296398064509,FALSE,Ring in the morning with some group singing at the top of the world!,FALSE,1296398064509,2025-03-21T16:46:22Z
[Record],[Record],[Record],America/New_York,1251797763809,https://www.eventbrite.com/checkout-external?eid=1251797763809,[Record],Eventbrite,13064382976,[Record],1,[Record],,FALSE,2025-04-24,21:00,destination_event,0,[List],[Record],[Record],FALSE,FALSE,FALSE,TRUE,2025-04-24,[List],1251797763809,19:30,destination_venue,"St. Joseph’s University, New York - Brooklyn",,Brooklyn,US,NY,-73.9676972,"245 Clinton Avenue, Brooklyn, NY 11205",11205,245 Clinton Avenue,,40.6905601,[List],"Brooklyn, NY",,256067113,destination_profile,,Greenlight Bookstore,organizer,3844,https://www.eventbrite.com/o/greenlight-bookstore-13064382976,greenlightbklyn,"Founded in October 2009, Greenlight Bookstore is a general independent bookstore in Fort Greene, Brooklyn, which hosts literary events in-store and with partner venues. The mission of Greenlight Books...",,596130449,FALSE,greenlightbklyn,,13064382976,https://www.greenlightbookstore.com/,,,966501653,FALSE,,256067113,widget,,Book Event: Ezra Klein and Derek Thompson with PJ Vogt (at SJNY),en-us,https://www.eventbrite.com/e/book-event-ezra-klein-and-derek-thompson-with-pj-vogt-at-sjny-tickets-1251797763809,FALSE,Bestselling authors and journalistic titans Ezra Klein & Derek Thompson present their new book on a politics of plenty.,FALSE,1251797763809,2025-02-17T16:43:14Z
[Record],[Record],[Record],America/New_York,1262525801659,https://www.eventbrite.com/checkout-external?eid=1262525801659,[Record],Eventbrite,76011410203,[Record],1,[Record],,FALSE,2025-06-14,17:00,destination_event,0,[List],[Record],[Record],FALSE,FALSE,TRUE,FALSE,2025-06-14,[List],1262525801659,09:00,destination_venue,New York,,New York,US,NY,-74.0059728,"Midtown, New York, NY 10036",10036,Midtown,,40.7127753,[List],"New York, NY",,259342813,destination_profile,,Her Campus,organizer,282,https://www.eventbrite.com/o/her-campus-76011410203,,,,980089763,FALSE,,,76011410203,https://www.hercampus.com/,,,981932463,FALSE,,259342813,widget,,Her Conference 2025,en-us,https://www.eventbrite.com/e/her-conference-2025-tickets-1262525801659,FALSE,"Her Conference is Her Campus’s annual mega event in NYC, empowering Gen Z  in every aspect of their lives.",FALSE,1262525801659,2025-03-14T15:59:23Z
[Record],[Record],[Record],America/New_York,1298962234009,https://www.eventbrite.com/checkout-external?eid=1298962234009,[Record],Eventbrite,41459961313,[Record],1,[Record],,TRUE,2025-05-09,02:00,destination_event,0,[List],[Record],[Record],FALSE,FALSE,TRUE,FALSE,2025-05-10,[List],1298962234009,22:00,destination_venue,Tribeca Rooftop + 360°,,New York,US,NY,-74.0086333,"10 Desbrosses Street, New York, NY 10013",10013,10 Desbrosses Street,,40.7234833,[List],"New York, NY",,82173499,destination_profile,,Iron Horse Party Host Committee,organizer,35,https://www.eventbrite.com/o/iron-horse-party-host-committee-41459961313,,,,,FALSE,,,41459961313,http://www.ironhorseparty.com/,,,991741413,FALSE,,82173499,widget,,Iron Horse Party 2025,en-us,https://www.eventbrite.com/e/iron-horse-party-2025-tickets-1298962234009,FALSE,"Founded in 2012, Iron Horse Party is an annual fundraising event supporting ALS Association.",FALSE,1298962234009,2025-03-26T12:16:36Z
[Record],[Record],[Record],America/New_York,1230678445359,https://www.eventbrite.com/checkout-external?eid=1230678445359,[Record],Eventbrite,59562236393,[Record],1,[Record],,FALSE,2025-05-10,17:00,destination_event,0,[List],[Record],[Record],FALSE,FALSE,TRUE,FALSE,2025-05-10,[List],1230678445359,08:00,destination_venue,Microsoft,,New York,US,NY,-73.9897458,"11 Times Square, New York, NY 10036",10036,11 Times Square,,40.75669799999999,[List],"New York, NY",,253338373,destination_profile,,SQL Saturday NYC Event Planning Team,organizer,93,https://www.eventbrite.com/o/sql-saturday-nyc-event-planning-team-59562236393,,The SQL Saturday New York City event planning team is current made up of a group of dedicated SQL Server / Data Platform die-hards looking to bring back a great event in NYC:T﻿homas GrohserB﻿randon Le...,,427981539,FALSE,,,59562236393,https://sqlsaturday.com/nyc,,,949574083,FALSE,,253338373,widget,,SQL Saturday New York City,en-us,https://www.eventbrite.com/e/sql-saturday-new-york-city-tickets-1230678445359,FALSE,SQL Saturday is a free one-day data-centric training conference packed with some of best speakers and sessions available in the field!,FALSE,1230678445359,2025-01-31T18:32:00Z
[Record],[Record],[Record],America/New_York,1308364887599,https://www.eventbrite.com/checkout-external?eid=1308364887599,[Record],Eventbrite,33799647865,[Record],1,[Record],,FALSE,2025-04-14,21:00,destination_event,0,[List],[Record],[Record],FALSE,FALSE,FALSE,TRUE,2025-04-14,[List],1308364887599,19:00,destination_venue,Ukrainian National Home,,New York,US,NY,-73.9871248,"140 2nd Avenue, New York, NY 10003",10003,140 2nd Avenue,,40.7288722,[List],"New York, NY",,242168803,destination_profile,,Nico Allen,organizer,800,https://www.eventbrite.com/o/nico-allen-33799647865,,,,,FALSE,,,33799647865,,,,997906603,FALSE,,242168803,widget,,BODYWERK East Village: A 5Rhythms® Waves Happening,en-us,https://www.eventbrite.com/e/bodywerk-east-village-a-5rhythms-waves-happening-tickets-1308364887599,FALSE,"Lead by Nico Allen, 5Rhythms® Certified Facilitator.",FALSE,1308364887599,2025-04-01T15:41:38Z
[Record],[Record],[Record],America/New_York,1281149495629,https://www.eventbrite.com/checkout-external?eid=1281149495629,[Record],Eventbrite,18691581550,[Record],1,[Record],,FALSE,2025-05-25,21:00,destination_event,0,[List],[Record],[Record],FALSE,TRUE,TRUE,FALSE,2025-05-25,[List],1281149495629,16:00,destination_venue,Harbor NYC Rooftop,,New York,US,NY,-73.9976374,"621 West 46th Street, New York, NY 10036",10036,621 West 46th Street,,40.76401389999999,[List],"New York, NY",,260381193,destination_profile,,@AfroCode_ | AfroCode Nation,organizer,27658,https://www.eventbrite.com/o/afrocode-afrocode-nation-18691581550,,Click here to subscribe to our text messages.AfroCode Nation - HipHop Meets AfroBeats; Soca and Zouk. Bridging The Culture. Music; Events; TechnologyContact us @ 202-321-5324,,56127660,FALSE,afrocode1,,18691581550,,,,982233883,FALSE,,260381193,widget,,AfroCode NYC Memorial Day Sunday Day Party [Sun May 25],en-us,https://www.eventbrite.com/e/afrocode-nyc-memorial-day-sunday-day-party-sun-may-25-tickets-1281149495629,FALSE,#AfroCodeNYC | Day Party,FALSE,1281149495629,2025-03-12T20:11:55Z
[Record],[Record],[Record],America/New_York,1223972246939,https://www.eventbrite.com/checkout-external?eid=1223972246939,[Record],Eventbrite,30058841244,[Record],1,[Record],,TRUE,2025-04-28,20:30,destination_event,0,[List],[Record],[Record],FALSE,FALSE,FALSE,FALSE,2025-04-28,[List],1223972246939,19:00,destination_venue,Strand Book Store,,New York,US,NY,-73.99095369999999,"828 Broadway, New York, NY 10003",10003,828 Broadway,,40.7333156,[List],"New York, NY",,90653959,destination_profile,,The Strand Book Store,organizer,7900,https://www.eventbrite.com/o/the-strand-book-store-30058841244,strandbookstore,"Strand Book Storewas born in 1927 on Fourth Avenue on what was then called “Book Row,” an area that covered six city blocks and housed forty-eight bookstores. Our founder Benjamin Bass was all of twen...",,410963409,FALSE,strandbookstore,,30058841244,https://www.strandbooks.com/events,,,996638063,FALSE,,90653959,widget,,SOLD OUT - Mamrie Hart + Chris Klemens: All I Think About Is Food,en-us,https://www.eventbrite.com/e/sold-out-mamrie-hart-chris-klemens-all-i-think-about-is-food-tickets-1223972246939,FALSE,"Join us for an in-person event with comedian, actress and writer Mamrie Hart for the launch of her new cookbook All I Think About is Food.",FALSE,1223972246939,2025-01-27T20:20:11Z
[Record],[Record],[Record],America/New_York,1221299542809,https://www.eventbrite.com/checkout-external?eid=1221299542809,[Record],Eventbrite,105655500371,[Record],1,[Record],,FALSE,2025-04-28,22:00,destination_event,2,[List],[Record],[Record],FALSE,FALSE,TRUE,FALSE,2025-04-28,[List],1221299542809,19:00,destination_venue,Elsewhere - The Hall,,Brooklyn,US,NY,-73.923169,"599 Johnson Avenue, Brooklyn, NY 11237",11237,599 Johnson Avenue,,40.709411,[List],"Brooklyn, NY",,252132583,destination_profile,,Elsewhere,organizer,1071,https://www.eventbrite.com/o/elsewhere-105655500371,elsewherespace,"Elsewhere is a multi-room music venue, nightclub, and arts space in Bushwick, Brooklyn. Our focus is underground and unbound music, presented with love.",,941144193,FALSE,,,105655500371,https://www.elsewhere.club/,,,943968393,FALSE,,252132583,widget,,"Ski Aggu, Ikkimel",en-us,https://www.eventbrite.com/e/ski-aggu-ikkimel-tickets-1221299542809,FALSE,Join us for Ski Aggu in The Hall @ Elsewhere in Brooklyn!,FALSE,1221299542809,2025-02-03T15:00:31Z
[Record],[Record],[Record],America/New_York,1298067939149,https://www.eventbrite.com/checkout-external?eid=1298067939149,[Record],Eventbrite,9789186973,[Record],1,[Record],,FALSE,2025-05-02,04:00,destination_event,0,[List],[Record],[Record],FALSE,FALSE,TRUE,FALSE,2025-05-03,[List],1298067939149,23:00,destination_venue,Polygon Brooklyn,,Brooklyn,US,NY,-73.9341108,"299 Vandervoort Avenue, Brooklyn, NY 11211",11211,299 Vandervoort Avenue,,40.7154812,[List],"Brooklyn, NY",,262056853,destination_profile,,Run The City LLC,organizer,49957,https://www.eventbrite.com/o/run-the-city-llc-9789186973,,Click here to subscribe to our text messages.NYC Nightlife + Entertainment,,,FALSE,,,9789186973,,,,990282563,FALSE,,262056853,widget,,Reggae vs Soca at Polygon: Everyone Free entry with RSVP,en-us,https://www.eventbrite.com/e/reggae-vs-soca-at-polygon-everyone-free-entry-with-rsvp-tickets-1298067939149,FALSE,"Friday May 2nd  Reggae vs Soca at Polygon. Everyone free entry with RSVP. Playing Reggae, Soca, Dancehall, Hip Hop and more",FALSE,1298067939149,2025-03-22T22:12:10Z
[Record],[Record],[Record],America/New_York,1304697889509,https://www.eventbrite.com/checkout-external?eid=1304697889509,[Record],Eventbrite,109294496271,[Record],1,[Record],,FALSE,2025-04-17,21:00,destination_event,0,[List],[Record],[Record],TRUE,FALSE,FALSE,TRUE,2025-04-17,[List],1304697889509,18:00,destination_venue,873 Broadway suite 301,,New York,US,NY,-73.990291,"873 Broadway #suite 301, New York, NY 10010",10010,873 Broadway,#suite 301,40.7381023,[List],"New York, NY",,263091103,destination_profile,,Project A,organizer,25,https://www.eventbrite.com/o/project-a-109294496271,,,,,FALSE,,,109294496271,,,,995357393,FALSE,,263091103,widget,,The AMA Marketing Mixer: Powered by Project A,en-us,https://www.eventbrite.com/e/the-ama-marketing-mixer-powered-by-project-a-tickets-1304697889509,FALSE,Where LinkedIn meets rooftop party energy (but with snacks),FALSE,1304697889509,2025-03-28T20:34:03Z
[Record],[Record],[Record],America/New_York,1221484144959,https://www.eventbrite.com/checkout-external?eid=1221484144959,[Record],Eventbrite,105655500371,[Record],1,[Record],,FALSE,2025-05-09,22:30,destination_event,0,[List],[Record],[Record],FALSE,FALSE,FALSE,FALSE,2025-05-09,[List],1221484144959,19:30,destination_venue,Elsewhere - The Hall,,Brooklyn,US,NY,-73.923169,"599 Johnson Avenue, Brooklyn, NY 11237",11237,599 Johnson Avenue,,40.709411,[List],"Brooklyn, NY",,252189993,destination_profile,,Elsewhere,organizer,1071,https://www.eventbrite.com/o/elsewhere-105655500371,elsewherespace,"Elsewhere is a multi-room music venue, nightclub, and arts space in Bushwick, Brooklyn. Our focus is underground and unbound music, presented with love.",,941144193,FALSE,,,105655500371,https://www.elsewhere.club/,,,944132623,FALSE,,252189993,widget,,"Mallrat, Anna Shoemaker",en-us,https://www.eventbrite.com/e/mallrat-anna-shoemaker-tickets-1221484144959,FALSE,Join us for Mallrat in The Hall @ Elsewhere in Brooklyn!,FALSE,1221484144959,2025-02-03T15:00:33Z
[Record],[Record],[Record],America/New_York,1024371592007,https://www.eventbrite.com/checkout-external?eid=1024371592007,[Record],Eventbrite,32421739555,[Record],1,[Record],,FALSE,2025-04-17,16:30,destination_event,0,[List],[Record],[Record],TRUE,FALSE,TRUE,FALSE,2025-04-17,[List],1024371592007,08:30,destination_venue,"Saint Peter's University, Mac Mahon Student Center",,Jersey City,US,NJ,-74.0696146,"47 Glenwood Avenue, Jersey City, NJ 07306",07306,47 Glenwood Avenue,,40.7268009,[List],"Jersey City, NJ",,81967919,destination_profile,,New Jersey Reentry Corporation,organizer,933,https://www.eventbrite.com/o/new-jersey-reentry-corporation-32421739555,,The New Jersey Reentry Corporation (NJRC) is a non-profit agency with a social mission to remove all barriers to employment for citizens returning from jail or prison. The NJRC is premised on the ambi...,,779541759,FALSE,,,32421739555,,,,935467513,FALSE,,81967919,widget,,"Domestic Violence, Sexual Abuse, Human Trafficking: A Trilogy of Evil",en-us,https://www.eventbrite.com/e/domestic-violence-sexual-abuse-human-trafficking-a-trilogy-of-evil-tickets-1024371592007,FALSE,"Save the Date!

Domestic Violence, Sexual Abuse, Human Trafficking: A Trilogy of Evil - A Journey of Deliverance",FALSE,1024371592007,2024-09-19T21:07:16Z
[Record],[Record],[Record],America/New_York,1218715604179,https://www.eventbrite.com/checkout-external?eid=1218715604179,[Record],Eventbrite,34281449029,[Record],1,[Record],,TRUE,2025-06-21,02:00,destination_event,1,[List],,,FALSE,FALSE,TRUE,FALSE,2025-06-21,[List],1218715604179,01:00,destination_venue,West 34th Street,,New York,US,NY,-73.9946037,"West 34th Street, New York, NY",,West 34th Street,,40.7526816,[List],"New York, NY",,251875433,destination_profile,,"Freedom Tours Coach Line, Inc",organizer,143,https://www.eventbrite.com/o/freedom-tours-coach-line-inc-34281449029,,"We are a charter bus company located in Suffolk, Va.  with over 30 yrs of experience. We  charter whole coaches and provide trips like these that are  very economical compared to other charter compani...",,,FALSE,520032262761121,,34281449029,https://www.freedomtoursbus.com,,,942591103,FALSE,,251875433,widget,,"2025  New York City Bus Trip Departing *Hampton, Va",en-us,https://www.eventbrite.com/e/2025-new-york-city-bus-trip-departing-hampton-va-tickets-1218715604179,FALSE,Don't miss out on this fantastic opportunity to make unforgettable memories in New York City! Get your seat booked now!,FALSE,1218715604179,2025-01-23T03:38:16Z
